{"cameraMode":{"drawMode":0,"name":"Shaded","section":"Shading Mode"},"sceneLighting":true,"audioPlay":false,"sceneViewState":{"m_AlwaysRefresh":false,"showFog":true,"showSkybox":true,"showFlares":true,"showImageEffects":true,"showParticleSystems":true,"showVisualEffectGraphs":true,"m_FxEnabled":true},"in2DMode":false,"pivot":{"x":-0.26656386256217959,"y":0.2357143759727478,"z":-0.01775813102722168},"rotation":{"x":0.18119753897190095,"y":0.04512275382876396,"z":-0.00832282193005085,"w":0.9823756814002991},"size":4.996192932128906,"orthographic":false}